,auc_,exact_match_,exact_match_multiple_,hamming_,number_multiple_
0,0.9574920359924108,0.7338403041825095,0.5084745762711864,0.03886776510350655,59.0
1,0.9740300777683072,0.7251908396946565,0.5,0.039440203562340966,64.0
2,0.969813981132089,0.7846153846153846,0.6285714285714286,0.03162393162393162,70.0
3,0.9611104687140928,0.7364341085271318,0.5303030303030303,0.03660637381567614,66.0
4,0.9553226163614106,0.7276264591439688,0.4666666666666667,0.04453091223519239,60.0
