,auc_,exact_match_,exact_match_multiple_,hamming_,number_multiple_
0,0.9379808894861829,0.6730038022813688,0.423728813559322,0.058301647655259824,59.0
1,0.9578955974335047,0.6106870229007634,0.25,0.05810008481764207,64.0
2,0.9485136946670549,0.676923076923077,0.4,0.05,70.0
3,0.9300584407101525,0.7248062015503876,0.45454545454545453,0.04995693367786391,66.0
4,0.9275838611887927,0.6848249027237354,0.5166666666666667,0.04842196281884998,60.0
